create database lab3;

CREATE TABLE departments (
  code INTEGER PRIMARY KEY,
  name VARCHAR(255) NOT NULL ,
  budget DECIMAL NOT NULL
);

CREATE TABLE employees (
  ssn INTEGER PRIMARY KEY,
  name VARCHAR(255) NOT NULL ,
  lastname VARCHAR(255) NOT NULL ,
  department INTEGER NOT NULL ,
  city VARCHAR(255),
  FOREIGN KEY (department) REFERENCES departments(code)
);

CREATE TABLE customers (
  id SERIAL PRIMARY KEY,
  name VARCHAR(255) NOT NULL ,
  lastname VARCHAR(255) NOT NULL ,
  city VARCHAR(255)

);

INSERT INTO departments(code,name,budget) VALUES(14,'IT',65000);
INSERT INTO departments(code,name,budget) VALUES(37,'Accounting',15000);
INSERT INTO departments(code,name,budget) VALUES(59,'Human Resources',240000);
INSERT INTO departments(code,name,budget) VALUES(77,'Research',55000);
INSERT INTO departments(code,name,budget) VALUES(45,'Management',155000);
INSERT INTO departments(code,name,budget) VALUES(11,'Sales',85000);

INSERT INTO employees(ssn,name,lastname,department, city) VALUES('123234877','Michael','Rogers',14, 'Almaty');
INSERT INTO employees(ssn,name,lastname,department, city) VALUES('152934485','Anand','Manikutty',14, 'Shymkent');
INSERT INTO employees(ssn,name,lastname,department, city) VALUES('222364883','Carol','Smith',37, 'Astana');
INSERT INTO employees(ssn,name,lastname,department, city) VALUES('326587417','Joe','Stevens',37, 'Almaty');
INSERT INTO employees(ssn,name,lastname,department, city) VALUES('332154719','Mary-Anne','Foster',14, 'Astana');
INSERT INTO employees(ssn,name,lastname,department, city) VALUES('332569843','George','ODonnell',77, 'Astana');
INSERT INTO employees(ssn,name,lastname,department, city) VALUES('546523478','John','Doe',59, 'Shymkent');
INSERT INTO employees(ssn,name,lastname,department, city) VALUES('631231482','David','Smith',77, 'Almaty');
INSERT INTO employees(ssn,name,lastname,department, city) VALUES('654873219','Zacary','Efron',59, 'Almaty');
INSERT INTO employees(ssn,name,lastname,department, city) VALUES('745685214','Eric','Goldsmith',59, 'Atyrau');
INSERT INTO employees(ssn,name,lastname,department, city) VALUES('845657245','Elizabeth','Doe',14, 'Almaty');
INSERT INTO employees(ssn,name,lastname,department, city) VALUES('845657246','Kumar','Swamy',14, 'Almaty');



INSERT INTO customers(name,lastname, city) VALUES('John','Wills', 'Almaty');
INSERT INTO customers(name,lastname, city) VALUES('Garry','Foster', 'London');
INSERT INTO customers(name,lastname, city) VALUES('Amanda','Hills', 'Almaty');
INSERT INTO customers(name,lastname, city) VALUES('George','Doe', 'Tokyo');
INSERT INTO customers(name,lastname, city) VALUES('David','Little', 'Almaty');
INSERT INTO customers(name,lastname, city) VALUES('Shawn','Efron', 'Astana');
INSERT INTO customers(name,lastname, city) VALUES('Eric','Gomez', 'Shymkent');
INSERT INTO customers(name,lastname, city) VALUES('Elizabeth','Tailor', 'Almaty');
INSERT INTO customers(name,lastname, city) VALUES('Julia','Adams', 'Astana');

Select lastname From employees;

Select DISTINCT lastname
From employees;

Select * from employees Where lastname = 'Smith';

Select * from employees Where lastname = 'Smith' or lastname = 'Doe';

Select * from employees Where  department = 14;

Select * from employees Where department = 37 or department = 77;

Select  sum(budget) from departments;

Select department, count(*) from employees group by department ;


Select department, count(*) from employees group by department HAVING count(*) >2;

Select code from departments ORDER BY budget DESC limit 1 offset 1;

Select e.name , e.lastname from employees e
JOIN departments d on d.code = e.department
WHERE d.budget = (
    SELECT min(budget)
    from departments
    );

Select name,lastname from employees
Where city = 'Almaty'

UNION
select name,lastname from customers
Where city = 'Almaty';


Select * from departments Where budget > 60000 ORDER BY budget asc ,code desc ;

UPDATE departments
SET budget = budget * 0.90
WHERE code = (
    SELECT code
    FROM departments
    ORDER BY budget ASC
    LIMIT 1
);
select * from departments;

UPDATE employees
SET department = 14
WHERE department = 77;


DElete from employees
WHERE department = 14;

select * from employees;

Delete from employees;





